<?xml version="1.0" encoding="utf-8" ?>
<!--
========================================================================
   Copyright(c) 2019 Qualcomm Technologies, Inc.
   All Rights Reserved.
   Confidential and Proprietary - Qualcomm Technologies, Inc.
========================================================================
-->
<chromatixSW_controlData
  xmlns:xsi="http://www.w3.org/2001/XMLSchema-instance"
  xsi:noNamespaceSchemaLocation="..\..\..\..\..\XSD\isp\sw_control_spectra280_000.xsd">
  <tintless20_sw>
    <enable_section>
      <tintless_en>1</tintless_en>
    </enable_section>
    <module_version major_revision="2" minor_revision="0" incr_revision="0"/>
    <control_variables>
      <control_var_type>control_aec_exp_sensitivity_ratio</control_var_type>
      <control_var_type>control_lux_idx</control_var_type>
    </control_variables>
    <control_method>
      <aec_exp_control>control_lux_idx</aec_exp_control>
      <aec_hdr_control>control_aec_exp_sensitivity_ratio</aec_hdr_control>
    </control_method>
    <dynamic_enable_triggers>
      <tintless_en>
        <enable>0</enable>
        <hyst_control_var>control_gain</hyst_control_var>
        <hyst_mode>UPWARD</hyst_mode>
        <hyst_trigger>
          <start1>0.9</start1>
          <end1>0.91</end1>
          <start2>0.9</start2>
          <end2>0.91</end2>
        </hyst_trigger>
      </tintless_en>
    </dynamic_enable_triggers>
    <chromatix_tintless20_core>
      <mod_tintless20_hdr_aec_data>
        <hdr_aec_trigger>
          <exp_time_start>1</exp_time_start>
          <exp_time_end>64</exp_time_end>
          <aec_sensitivity_start>1</aec_sensitivity_start>
          <aec_sensitivity_end>64</aec_sensitivity_end>
        </hdr_aec_trigger>
        <hdr_aec_data>
          <mod_tintless20_aec_data>
            <aec_trigger>
              <lux_idx_start>1</lux_idx_start>
              <lux_idx_end>1000</lux_idx_end>
              <gain_start>1</gain_start>
              <gain_end>200</gain_end>
            </aec_trigger>
            <tintless20_rgn_data>
              <tintless_threshold_tab>
                <tintless_threshold>4 4 4 4 4 4 4 4 4 4 4 4 4 4 4 4</tintless_threshold>
              </tintless_threshold_tab>
              <tintless_high_accuracy_mode>8</tintless_high_accuracy_mode>
              <tintless_update_delay>3</tintless_update_delay>
              <tintless_trace_percentage>0.4</tintless_trace_percentage>
              <center_weight>1</center_weight>
              <corner_weight>1</corner_weight>
            </tintless20_rgn_data>
          </mod_tintless20_aec_data>
        </hdr_aec_data>
      </mod_tintless20_hdr_aec_data>
    </chromatix_tintless20_core>
  </tintless20_sw>
  <tmc10_sw>
    <enable_section>
      <adrc_isp_enable>1</adrc_isp_enable>
    </enable_section>
    <module_version major_revision="1" minor_revision="0" incr_revision="0"/>
    <control_variables>
      <control_var_type>control_lux_idx</control_var_type>
    </control_variables>
    <control_method>
      <aec_exp_control>control_lux_idx</aec_exp_control>
    </control_method>
    <chromatix_tmc10_reserve>
      <use_gtm>1</use_gtm>
      <use_ltm>1</use_ltm>
      <use_la>0</use_la>
      <use_gamma>0</use_gamma>
      <reserve_rsv_para1>0.8</reserve_rsv_para1>
      <reserve_rsv_para2>0</reserve_rsv_para2>
      <reserve_rsv_para3>0</reserve_rsv_para3>
      <reserve_rsv_para4>0</reserve_rsv_para4>
      <reserve_rsv_para5>0</reserve_rsv_para5>
    </chromatix_tmc10_reserve>
    <chromatix_tmc10_core>
      <mod_tmc10_aec_data>
        <aec_trigger>
          <lux_idx_start>50</lux_idx_start>
          <lux_idx_end>120</lux_idx_end>
          <gain_start>1</gain_start>
          <gain_end>1.5</gain_end>
        </aec_trigger>
        <tmc10_rgn_data>
          <gtm_percentage>0.2</gtm_percentage>
          <ltm_percentage>0.8</ltm_percentage>
          <la_percentage>0</la_percentage>
          <gamma_percentage>0</gamma_percentage>
          <knee_out_mid>0.35</knee_out_mid>
          <dark_boost_ratio>0</dark_boost_ratio>
          <core_rsv_para1>0.4</core_rsv_para1>
          <core_rsv_para2>0</core_rsv_para2>
          <core_rsv_para3>0</core_rsv_para3>
          <core_rsv_para4>0</core_rsv_para4>
          <core_rsv_para5>0</core_rsv_para5>
        </tmc10_rgn_data>
      </mod_tmc10_aec_data>
      <mod_tmc10_aec_data>
        <aec_trigger>
          <lux_idx_start>150</lux_idx_start>
          <lux_idx_end>200</lux_idx_end>
          <gain_start>2.5</gain_start>
          <gain_end>5</gain_end>
        </aec_trigger>
        <tmc10_rgn_data>
          <gtm_percentage>0.2</gtm_percentage>
          <ltm_percentage>0.8</ltm_percentage>
          <la_percentage>0</la_percentage>
          <gamma_percentage>0</gamma_percentage>
          <knee_out_mid>0.3</knee_out_mid>
          <dark_boost_ratio>0</dark_boost_ratio>
          <core_rsv_para1>0.4</core_rsv_para1>
          <core_rsv_para2>0</core_rsv_para2>
          <core_rsv_para3>0</core_rsv_para3>
          <core_rsv_para4>0</core_rsv_para4>
          <core_rsv_para5>0</core_rsv_para5>
        </tmc10_rgn_data>
      </mod_tmc10_aec_data>
      <mod_tmc10_aec_data>
        <aec_trigger>
          <lux_idx_start>250</lux_idx_start>
          <lux_idx_end>300</lux_idx_end>
          <gain_start>10</gain_start>
          <gain_end>20</gain_end>
        </aec_trigger>
        <tmc10_rgn_data>
          <gtm_percentage>0.2</gtm_percentage>
          <ltm_percentage>0.8</ltm_percentage>
          <la_percentage>0</la_percentage>
          <gamma_percentage>0</gamma_percentage>
          <knee_out_mid>0.2</knee_out_mid>
          <dark_boost_ratio>0</dark_boost_ratio>
          <core_rsv_para1>0.3</core_rsv_para1>
          <core_rsv_para2>0</core_rsv_para2>
          <core_rsv_para3>0</core_rsv_para3>
          <core_rsv_para4>0</core_rsv_para4>
          <core_rsv_para5>0</core_rsv_para5>
        </tmc10_rgn_data>
      </mod_tmc10_aec_data>
      <mod_tmc10_aec_data>
        <aec_trigger>
          <lux_idx_start>330</lux_idx_start>
          <lux_idx_end>360</lux_idx_end>
          <gain_start>30</gain_start>
          <gain_end>40</gain_end>
        </aec_trigger>
        <tmc10_rgn_data>
          <gtm_percentage>0.35</gtm_percentage>
          <ltm_percentage>0.65</ltm_percentage>
          <la_percentage>0</la_percentage>
          <gamma_percentage>0</gamma_percentage>
          <knee_out_mid>0.2</knee_out_mid>
          <dark_boost_ratio>0</dark_boost_ratio>
          <core_rsv_para1>0.2</core_rsv_para1>
          <core_rsv_para2>0</core_rsv_para2>
          <core_rsv_para3>0</core_rsv_para3>
          <core_rsv_para4>0</core_rsv_para4>
          <core_rsv_para5>0</core_rsv_para5>
        </tmc10_rgn_data>
      </mod_tmc10_aec_data>
      <mod_tmc10_aec_data>
        <aec_trigger>
          <lux_idx_start>380</lux_idx_start>
          <lux_idx_end>500</lux_idx_end>
          <gain_start>50</gain_start>
          <gain_end>60</gain_end>
        </aec_trigger>
        <tmc10_rgn_data>
          <gtm_percentage>0.5</gtm_percentage>
          <ltm_percentage>0.5</ltm_percentage>
          <la_percentage>0</la_percentage>
          <gamma_percentage>0</gamma_percentage>
          <knee_out_mid>0.2</knee_out_mid>
          <dark_boost_ratio>0</dark_boost_ratio>
          <core_rsv_para1>0</core_rsv_para1>
          <core_rsv_para2>0</core_rsv_para2>
          <core_rsv_para3>0</core_rsv_para3>
          <core_rsv_para4>0</core_rsv_para4>
          <core_rsv_para5>0</core_rsv_para5>
        </tmc10_rgn_data>
      </mod_tmc10_aec_data>
    </chromatix_tmc10_core>
  </tmc10_sw>
  <mf10_sw>
    <enable_section>
      <enable_mfnr>1</enable_mfnr>
    </enable_section>
    <module_version major_revision="1" minor_revision="0" incr_revision="1"/>
    <control_variables>
      <control_var_type>control_lens_zoom</control_var_type>
      <control_var_type>control_drc_gain</control_var_type>
      <control_var_type>control_aec_exp_sensitivity_ratio</control_var_type>
      <control_var_type>control_gain</control_var_type>
    </control_variables>
    <control_method>
      <aec_exp_control>control_gain</aec_exp_control>
      <aec_hdr_control>control_aec_exp_sensitivity_ratio</aec_hdr_control>
    </control_method>
    <dynamic_enable_triggers>
      <enable_mfnr>
        <enable>0</enable>
        <hyst_control_var>control_gain</hyst_control_var>
        <hyst_mode>UPWARD</hyst_mode>
        <hyst_trigger>
          <start1>0.9</start1>
          <end1>0.91</end1>
          <start2>0.9</start2>
          <end2>0.91</end2>
        </hyst_trigger>
      </enable_mfnr>
    </dynamic_enable_triggers>
    <chromatix_mf10_core>
      <mod_mf10_lens_zoom_data>
        <lens_zoom_trigger>
          <start>1</start>
          <end>100</end>
        </lens_zoom_trigger>
        <lens_zoom_data>
          <mod_mf10_drc_gain_data>
            <drc_gain_trigger>
              <start>1</start>
              <end>100</end>
            </drc_gain_trigger>
            <drc_gain_data>
              <mod_mf10_hdr_aec_data>
                <hdr_aec_trigger>
                  <exp_time_start>1</exp_time_start>
                  <exp_time_end>64</exp_time_end>
                  <aec_sensitivity_start>1</aec_sensitivity_start>
                  <aec_sensitivity_end>64</aec_sensitivity_end>
                </hdr_aec_trigger>
                <hdr_aec_data>
                  <mod_mf10_aec_data>
                    <aec_trigger>
                      <lux_idx_start>1</lux_idx_start>
                      <lux_idx_end>900</lux_idx_end>
                      <gain_start>1</gain_start>
                      <gain_end>200</gain_end>
                    </aec_trigger>
                    <mf10_rgn_data>
                      <top>
                        <enable_mfsr>0</enable_mfsr>
                        <num_of_frames>8</num_of_frames>
                        <pre_filtering_strength_luma>256</pre_filtering_strength_luma>
                        <pre_filtering_strength_chroma>256</pre_filtering_strength_chroma>
                      </top>
                      <anchor_picking>
                        <mode>2</mode>
                        <anchor_time_range>200000000</anchor_time_range>
                        <brightness_tolerance>3</brightness_tolerance>
                        <remove_expected_bad_images>0</remove_expected_bad_images>
                        <min_histogram_bin>0</min_histogram_bin>
                        <max_histogram_bin>255</max_histogram_bin>
                      </anchor_picking>
                    </mf10_rgn_data>
                  </mod_mf10_aec_data>
                </hdr_aec_data>
              </mod_mf10_hdr_aec_data>
            </drc_gain_data>
          </mod_mf10_drc_gain_data>
        </lens_zoom_data>
      </mod_mf10_lens_zoom_data>
    </chromatix_mf10_core>
  </mf10_sw>
  <eis10_sw>
    <module_version major_revision="1" minor_revision="0" incr_revision="0"/>
    <chromatix_eis10_reserve>
      <general>
        <virtual_margin>0</virtual_margin>
        <focal_length>1755</focal_length>
        <gyro_frequency>400</gyro_frequency>
        <gyro_noise_floor>0.003</gyro_noise_floor>
        <gyro_pixel_scale>30</gyro_pixel_scale>
        <res_param_1>0</res_param_1>
        <res_param_2>0</res_param_2>
        <res_param_3>0</res_param_3>
        <res_param_4>0</res_param_4>
        <res_param_5>0</res_param_5>
        <res_param_6>0</res_param_6>
        <res_param_7>0</res_param_7>
        <res_param_8>0</res_param_8>
        <res_param_9>0</res_param_9>
        <res_param_10>0</res_param_10>
        <res_lut_param_1_tab>
          <res_lut_param_1>0 0 0 0 0 0 0 0 0 0 0 0 0 0 0 0 0 0 0 0 0 0 0 0 0 0 0 0 0 0 0 0</res_lut_param_1>
        </res_lut_param_1_tab>
        <res_lut_param_2_tab>
          <res_lut_param_2>0 0 0 0 0 0 0 0 0 0 0 0 0 0 0 0 0 0 0 0 0 0 0 0 0 0 0 0 0 0 0 0</res_lut_param_2>
        </res_lut_param_2_tab>
      </general>
      <timing>
        <s3d_offset_1>5500</s3d_offset_1>
        <s3d_offset_2>500</s3d_offset_2>
        <s3d_offset_3>-4500</s3d_offset_3>
        <s3d_offset_4>-7500</s3d_offset_4>
        <s3d_threshold_1>0.005</s3d_threshold_1>
        <s3d_threshold_2>0.01</s3d_threshold_2>
        <s3d_threshold_3>0.02</s3d_threshold_3>
        <s3d_threshold_4_ext>0.02</s3d_threshold_4_ext>
        <rs_offset_1>5500</rs_offset_1>
        <rs_offset_2>500</rs_offset_2>
        <rs_offset_3>-4500</rs_offset_3>
        <rs_offset_4>-7500</rs_offset_4>
        <rs_threshold_1>0.005</rs_threshold_1>
        <rs_threshold_2>0.01</rs_threshold_2>
        <rs_threshold_3>0.02</rs_threshold_3>
        <rs_threshold_4_ext>0.02</rs_threshold_4_ext>
      </timing>
    </chromatix_eis10_reserve>
  </eis10_sw>
  <hdrvideo10_sw>
    <enable_section>
      <hdrvideo_enable>0</hdrvideo_enable>
    </enable_section>
    <module_version major_revision="1" minor_revision="0" incr_revision="0"/>
    <chromatix_hdrvideo10_reserve>
      <maxcll>1000</maxcll>
      <maxfall>200</maxfall>
    </chromatix_hdrvideo10_reserve>
  </hdrvideo10_sw>
</chromatixSW_controlData>
