﻿<?xml version="1.0" encoding="utf-8"?>
<!--
========================================================================
   Copyright(c) 2019 Qualcomm Technologies, Inc.
   All Rights Reserved.
   Confidential and Proprietary - Qualcomm Technologies, Inc.
========================================================================
-->
<MetaConfig xmlns:xsi="http://www.w3.org/2001/XMLSchema-instance" xsi:noNamespaceSchemaLocation="C:\Qualcomm\Chromatix7\Simulator\Spectra280\DefaultConfig\XSD\meta_config.xsd">
  <CCT>3867</CCT>
  <LuxIdx>400.449463</LuxIdx>
  <Gain>102.0176</Gain>
  <digitalGain>6.58178043</digitalGain>
  <ExpSensitivityRatio>0</ExpSensitivityRatio>
  <ExpTimeRatio>0</ExpTimeRatio>
  <ExpGainRatio>0</ExpGainRatio>
  <DrcGain>0</DrcGain>
  <DrcGainDark>0</DrcGainDark>
  <LensPosition>0</LensPosition>
  <HDRMode>0</HDRMode>
  <gain_r>1.61744022</gain_r>
  <gain_g>1</gain_g>
  <gain_b>2.02130842</gain_b>
  <HDRZrecSel>0</HDRZrecSel>
  <HDRZrecPattern>0</HDRZrecPattern>
  <HDRZrecFirstRBExp>0</HDRZrecFirstRBExp>
  <LEDSensitivity>0</LEDSensitivity>
  <NumOfLed>0</NumOfLed>
  <Led1IdxRatio>0</Led1IdxRatio>
  <Led2IdxRatio>0</Led2IdxRatio>
  <SensorType>1</SensorType>
  <CustomAec>0, 1, 1, 1, 1, 1, 1, 1, 1, 1, 1, 1, 1, 1, 1, 1, 1, 1, 1, 1, 1, 1, 1, 1, 1, 1, 1, 1, 1, 1, 1, 1</CustomAec>
  <CustomAwb>0, 1, 1, 1, 1, 1, 1, 1, 1, 1, 1, 1, 1, 1, 1, 1, 1, 1, 1, 1, 1, 1, 1, 1, 1, 1, 1, 1, 1, 1, 1, 1</CustomAwb>
  <CustomAf>0, 1, 1, 1, 1, 1, 1, 1, 1, 1, 1, 1, 1, 1, 1, 1, 1, 1, 1, 1, 1, 1, 1, 1, 1, 1, 1, 1, 1, 1, 1, 1</CustomAf>
  <CCM>
    <IFE>
      <Flag>0</Flag>
      <Matrix>0, 0, 0, 0, 1, 0, 0, 0, 1</Matrix>
      <Offset>0, 0, 0</Offset>
    </IFE>
    <BPS>
      <Flag>0</Flag>
      <Matrix>0, 0, 0, 0, 1, 0, 0, 0, 1</Matrix>
      <Offset>0, 0, 0</Offset>
    </BPS>
    <IPE>
      <Flag>0</Flag>
      <Matrix>0, 0, 0, 0, 1, 0, 0, 0, 1</Matrix>
      <Offset>0, 0, 0</Offset>
    </IPE>
  </CCM>
</MetaConfig>