﻿<?xml version="1.0" encoding="utf-8"?>
<!--
========================================================================
   Copyright(c) 2019 Qualcomm Technologies, Inc.
   All Rights Reserved.
   Confidential and Proprietary - Qualcomm Technologies, Inc.
========================================================================
-->
<SpectraCamSimConfig xmlns:xsi="http://www.w3.org/2001/XMLSchema-instance" xsi:noNamespaceSchemaLocation="C:\Qualcomm\Chromatix7\Simulator\Spectra280\DefaultConfig\XSD\spectracamsim_config.xsd">
  <!-- 0: None;  1: Snapshot;  2: Video;  3: MFNR  -->
  <UseCase>3</UseCase>
  <!-- 0x01: IFE;  0x02:  BPS;   0x04:  PPS;   0x08:  NPS 
       i.e. IFE+PPS+NPS:  0x0D;  BPS+PPS+NPS:  0x0E;  -->
  <RunPipeline>0x0e</RunPipeline>
  <!-- 0x01: Bayer processing 0x02: Prefiltering 0x04: Blending 0x08: Postfiltering  -->
  <MFNRStageConfig>0x0f</MFNRStageConfig>
  <InputSetting>
    <ImageFormat>0</ImageFormat>
    <ImageFile>E:\5.workspace\8.ZQL1822_JD2019\17.MFNR\OV16B10\MCC_100x\MCC_100x_0.RAW</ImageFile>
    <DualPDImageFormat>0</DualPDImageFormat>
    <DualPDImageFile>0</DualPDImageFile>
    <InputFolder>E:\5.workspace\8.ZQL1822_JD2019\17.MFNR\OV16B10\MCC_100x</InputFolder>
    <ManualLoadFile />
  </InputSetting>
  <!-- 0: disable dump;  1: enable dump  -->
  <RegisterDump>0</RegisterDump>
  <ISPConfig>E:\chromatix7_root\FromLenovo\20190104\sunny_ov16b10_c7project_0105\Simulation\MFNR\2019_1_6_0_1_12\MFNRPostFilter\isp_config.xml</ISPConfig>
  <MetaConfig>E:\chromatix7_root\FromLenovo\20190104\sunny_ov16b10_c7project_0105\Simulation\MFNR\2019_1_6_0_1_12\MFNRPostFilter\meta_config.xml</MetaConfig>
  <StreamConfig>E:\chromatix7_root\FromLenovo\20190104\sunny_ov16b10_c7project_0105\Simulation\MFNR\2019_1_6_0_1_12\MFNRPostFilter\stream_config.xml</StreamConfig>
  <DataStoreFile>E:\chromatix7_root\FromLenovo\20190104\sunny_ov16b10_c7project_0105\Simulation\MFNR\2019_1_6_0_1_12\MFNRPostFilter\dump_config.xml</DataStoreFile>
  <IFESchemaFile>E:\chromatix7_root\FromLenovo\20190104\sunny_ov16b10_c7project_0105\XSD\isp\ife_spectra280_000.xsd</IFESchemaFile>
  <BPSSchemaFile>E:\chromatix7_root\FromLenovo\20190104\sunny_ov16b10_c7project_0105\XSD\isp\bps_spectra280_000.xsd</BPSSchemaFile>
  <IPESchemaFile>E:\chromatix7_root\FromLenovo\20190104\sunny_ov16b10_c7project_0105\XSD\isp\ipe_spectra280_000.xsd</IPESchemaFile>
  <SWCONTROLSchemaFile>E:\chromatix7_root\FromLenovo\20190104\sunny_ov16b10_c7project_0105\XSD\isp\sw_control_spectra280_000.xsd</SWCONTROLSchemaFile>
  <IFEDataFile>E:\chromatix7_root\FromLenovo\20190104\sunny_ov16b10_c7project_0105\Simulation\MFNR\2019_1_6_0_1_12\MFNRPostFilter\XML\IFE.xml</IFEDataFile>
  <BPSDataFile>E:\chromatix7_root\FromLenovo\20190104\sunny_ov16b10_c7project_0105\Simulation\MFNR\2019_1_6_0_1_12\MFNRPostFilter\XML\BPS.xml</BPSDataFile>
  <IPEDataFile>E:\chromatix7_root\FromLenovo\20190104\sunny_ov16b10_c7project_0105\Simulation\MFNR\2019_1_6_0_1_12\MFNRPostFilter\XML\IPE.xml</IPEDataFile>
  <SWCONTROLDataFile>E:\chromatix7_root\FromLenovo\20190104\sunny_ov16b10_c7project_0105\Simulation\MFNR\2019_1_6_0_1_12\MFNRPostFilter\XML\SW_CONTROL.xml</SWCONTROLDataFile>
  <!--MFNR specific configuration -->
  <MFConfig>
    <Part1Process>
      <BPSDataFile>E:\chromatix7_root\FromLenovo\20190104\sunny_ov16b10_c7project_0105\Simulation\MFNR\2019_1_6_0_1_12\MFNRBlend\XML\bps.xml</BPSDataFile>
      <IPEDataFile>E:\chromatix7_root\FromLenovo\20190104\sunny_ov16b10_c7project_0105\Simulation\MFNR\2019_1_6_0_1_12\MFNRBlend\XML\ipe.xml</IPEDataFile>
    </Part1Process>
    <Part2Process>
      <BPSDataFile>E:\chromatix7_root\FromLenovo\20190104\sunny_ov16b10_c7project_0105\Simulation\MFNR\2019_1_6_0_1_12\MFNRPostFilter\XML\bps.xml</BPSDataFile>
      <IPEDataFile>E:\chromatix7_root\FromLenovo\20190104\sunny_ov16b10_c7project_0105\Simulation\MFNR\2019_1_6_0_1_12\MFNRPostFilter\XML\ipe.xml</IPEDataFile>
    </Part2Process>
  </MFConfig>
  <OutputSetting>
    <!-- 1: BMP;  2: YUV;  3: BMP+YUV  -->
    <ImageFormat>3</ImageFormat>
    <OutputFolder>E:\chromatix7_root\FromLenovo\20190104\sunny_ov16b10_c7project_0105\Simulation\MFNR\2019_1_6_0_1_12\Output\</OutputFolder>
    <OutputPrefix>MCC_100x</OutputPrefix>
  </OutputSetting>
  <IntermediateSetting>
    <Enable>1</Enable>
    <ImageFormat>3</ImageFormat>
  </IntermediateSetting>
  <Num_Threads>1</Num_Threads>
  <CustomTriggerModule>0</CustomTriggerModule>
</SpectraCamSimConfig>