﻿<?xml version="1.0" encoding="utf-8"?>
<!--
========================================================================
   Copyright(c) 2019 Qualcomm Technologies, Inc.
   All Rights Reserved.
   Confidential and Proprietary - Qualcomm Technologies, Inc.
========================================================================
-->
<StreamConfig xmlns:xsi="http://www.w3.org/2001/XMLSchema-instance" xsi:noNamespaceSchemaLocation="C:\Qualcomm\Chromatix7\Simulator\Spectra280\DefaultConfig\XSD\stream_config.xsd">
  <Width>4608</Width>
  <Height>3456</Height>
  <Stride>4608</Stride>
  <FullWidth>4608</FullWidth>
  <FullHeight>3456</FullHeight>
  <BayerPattern>2</BayerPattern>
  <BitsPerPixel>10</BitsPerPixel>
  <PackedType>2</PackedType>
  <MIPIPaddingEnable>1</MIPIPaddingEnable>
  <MIPIPaddingLength>16</MIPIPaddingLength>
  <!-- 0 : Planar , 1 : CrCb , 2: Cbcr  -->
  <yuvFormatType>2</yuvFormatType>
  <SensorScalefactor>1</SensorScalefactor>
  <SensorBinningfactor>1</SensorBinningfactor>
  <SensorCrop>
    <OffsetX>0</OffsetX>
    <OffsetY>0</OffsetY>
  </SensorCrop>
</StreamConfig>